Title,Link,Image,Description
De la PNH et des FADH en 2024,https://lenouvelliste.com/article/246472/de-la-pnh-et-des-fadh-en-2024,https://cdn.lenouvelliste.com/shared/skeleton-image.webp,N/A
Ron DeSantis abandonne la course à la Maison Blanche et soutiendra Trump,https://lenouvelliste.com/article/246449/ron-desantis-abandonne-la-course-a-la-maison-blanche-et-soutiendra-trump,https://cdn.lenouvelliste.com/shared/skeleton-image.webp,N/A
Reprise officielle des activités de la Primature à la Villa d’Accueil,https://lenouvelliste.com/article/246469/reprise-officielle-des-activites-de-la-primature-a-la-villa-daccueil,https://cdn.lenouvelliste.com/shared/skeleton-image.webp,N/A
Port-de-Paix : nouvelle vague de kidnapping sur la route nationale #5,https://lenouvelliste.com/article/246445/port-de-paix-nouvelle-vague-de-kidnapping-sur-la-route-nationale-5,https://cdn.lenouvelliste.com/shared/skeleton-image.webp,N/A
Détournement au CNE: l'ex-député Cholzer Chancy sous les verrous,https://lenouvelliste.com/article/246467/detournement-au-cne-lex-depute-cholzer-chancy-sous-les-verrous,https://cdn.lenouvelliste.com/shared/skeleton-image.webp,N/A
"Le mouvement de mobilisation anti-gouvernemental est une action interne au pouvoir, selon Liné Balthazar",https://lenouvelliste.com/article/246470/le-mouvement-de-mobilisation-anti-gouvernemental-est-une-action-interne-au-pouvoir-selon-line-balthazar,https://cdn.lenouvelliste.com/shared/skeleton-image.webp,N/A
"« Des membre du gouvernement font délibérément obstacle au fonctionnement du HCT», révèle le président a.i du RDNP",https://lenouvelliste.com/article/246465/des-membre-du-gouvernement-font-deliberement-obstacle-au-fonctionnement-du-hct-revele-le-president-ai-du-rdnp,https://cdn.lenouvelliste.com/shared/skeleton-image.webp,N/A
2023 : la PNH ou le bilan d’un verre à moitié rempli,N/A,https://cdn.lenouvelliste.com/shared/skeleton-image.webp,"La Police nationale d'Haïti (PNH), en dépit de la progression des bandes armées, du nombre élevé d’homicides et des cas de kidnapping, reste un rempart."
"Nouvelle journée de tension, au moins trois morts et plusieurs blessés à Jérémie",https://lenouvelliste.com/article/246471/nouvelle-journee-de-tension-au-moins-trois-morts-et-plusieurs-blesses-a-jeremie,https://cdn.lenouvelliste.com/shared/skeleton-image.webp,N/A
Port-de-Paix : nouvelle vague de kidnapping sur la route nationale #5,https://lenouvelliste.com/article/246445/port-de-paix-nouvelle-vague-de-kidnapping-sur-la-route-nationale-5,https://cdn.lenouvelliste.com/shared/skeleton-image.webp,N/A
Le MENFP s’associe avec des fédérations sportives pour encourager la pratique du sport en milieu scolaire,https://lenouvelliste.com/article/246430/le-menfp-sassocie-avec-des-federations-sportives-pour-encourager-la-pratique-du-sport-en-milieu-scolaire,https://cdn.lenouvelliste.com/shared/skeleton-image.webp,N/A
Sanctions onusiennes: le panel des experts en mission à Port-au-Prince,https://lenouvelliste.com/article/246443/sanctions-onusiennes-le-panel-des-experts-en-mission-a-port-au-prince,https://cdn.lenouvelliste.com/shared/skeleton-image.webp,N/A
« Haïti-Louisiane: les Marées de la Liberté »,https://lenouvelliste.com/article/246428/haiti-louisiane-les-marees-de-la-liberte,https://cdn.lenouvelliste.com/shared/skeleton-image.webp,N/A
La société du Rhum Barbancourt part en guerre contre la contrefaçon,https://lenouvelliste.com/article/246438/la-societe-du-rhum-barbancourt-part-en-guerre-contre-la-contrefacon,https://cdn.lenouvelliste.com/shared/skeleton-image.webp,N/A
C’est parti pour la 17e édition du PaPJazz,https://lenouvelliste.com/article/246433/cest-parti-pour-la-17e-edition-du-papjazz,https://cdn.lenouvelliste.com/shared/skeleton-image.webp,N/A
Lol Fest Caraïbes 2024 vous attend !,https://lenouvelliste.com/article/246432/lol-fest-caraibes-2024-vous-attend,https://cdn.lenouvelliste.com/shared/skeleton-image.webp,N/A
"« Un accord politique n'est pas nécessairement une condition préalable pour le déploiement de la MMAS », selon Maria Isabel Salvador",https://lenouvelliste.com/article/246434/un-accord-politique-nest-pas-necessairement-une-condition-prealable-pour-le-deploiement-de-la-mmas-selon-maria-isabel-salvador,https://cdn.lenouvelliste.com/shared/skeleton-image.webp,N/A
Lol Fest Caraïbes 2024 vous attend !,https://lenouvelliste.com/article/246432/lol-fest-caraibes-2024-vous-attend,https://cdn.lenouvelliste.com/shared/skeleton-image.webp,N/A
« Haïti-Louisiane: les Marées de la Liberté »,https://lenouvelliste.com/article/246428/haiti-louisiane-les-marees-de-la-liberte,https://cdn.lenouvelliste.com/shared/skeleton-image.webp,N/A
L’OEA exclut toute possibilité d’une « transition dans la transition » et souhaite un accord national,https://lenouvelliste.com/article/246405/loea-exclut-toute-possibilite-dune-transition-dans-la-transition-et-souhaite-un-accord-national,https://cdn.lenouvelliste.com/shared/skeleton-image.webp,N/A
Basket-ball: les perspectives de la FHB pour 2024,https://lenouvelliste.com/article/246402/basket-ball-les-perspectives-de-la-fhb-pour-2024,https://cdn.lenouvelliste.com/shared/skeleton-image.webp,N/A
"Attaques armées et images de peyi lòk à Port-au-Prince, manifestations en province",https://lenouvelliste.com/article/246403/attaques-armees-et-images-de-peyi-lok-a-port-au-prince-manifestations-en-province,https://cdn.lenouvelliste.com/shared/skeleton-image.webp,N/A
"Pas de discussions réelles en vue de la sortie de crise, le Collectif du 30 janvier dénonce une campagne de propagande du pouvoir",https://lenouvelliste.com/article/246409/pas-de-discussions-reelles-en-vue-de-la-sortie-de-crise-le-collectif-du-30-janvier-denonce-une-campagne-de-propagande-du-pouvoir,https://cdn.lenouvelliste.com/shared/skeleton-image.webp,N/A
Dans l’attente de la réponse du gouvernement,https://lenouvelliste.com/article/246422/dans-lattente-de-la-reponse-du-gouvernement,https://cdn.lenouvelliste.com/shared/skeleton-image.webp,N/A
"Des annonces et des promesses pour favoriser une sortie de crise en Haïti, lors de la réunion de l’OIF",https://lenouvelliste.com/article/246406/des-annonces-et-des-promesses-pour-favoriser-une-sortie-de-crise-en-haiti-lors-de-la-reunion-de-loif,https://cdn.lenouvelliste.com/shared/skeleton-image.webp,N/A
Le Collège haïtien de cardiologie appelle à la libération du Dr Douglas Pape,https://lenouvelliste.com/article/246400/le-college-haitien-de-cardiologie-appelle-a-la-liberation-du-dr-douglas-pape,https://cdn.lenouvelliste.com/shared/skeleton-image.webp,N/A
"Attaques armées et images de peyi lòk à Port-au-Prince, manifestations en province",N/A,https://cdn.lenouvelliste.com/shared/skeleton-image.webp,Port-au-Prince s’est réveillée sous tension ce jeudi 18 janvier 2024.
Tifane : « Je suis toujours très engagée dans le monde musical »,https://lenouvelliste.com/article/246416/tifane-je-suis-toujours-tres-engagee-dans-le-monde-musical,https://cdn.lenouvelliste.com/shared/skeleton-image.webp,N/A
"Pas de discussions réelles en vue de la sortie de crise, le Collectif du 30 janvier dénonce une campagne de propagande du pouvoir",https://lenouvelliste.com/article/246409/pas-de-discussions-reelles-en-vue-de-la-sortie-de-crise-le-collectif-du-30-janvier-denonce-une-campagne-de-propagande-du-pouvoir,https://cdn.lenouvelliste.com/shared/skeleton-image.webp,N/A
Le Collège haïtien de cardiologie appelle à la libération du Dr Douglas Pape,https://lenouvelliste.com/article/246400/le-college-haitien-de-cardiologie-appelle-a-la-liberation-du-dr-douglas-pape,https://cdn.lenouvelliste.com/shared/skeleton-image.webp,N/A
"Des annonces et des promesses pour favoriser une sortie de crise en Haïti, lors de la réunion de l’OIF",https://lenouvelliste.com/article/246406/des-annonces-et-des-promesses-pour-favoriser-une-sortie-de-crise-en-haiti-lors-de-la-reunion-de-loif,https://cdn.lenouvelliste.com/shared/skeleton-image.webp,N/A
Solidarité en Haïti et dans le monde pour réclamer la libération de Douglas Pape,https://lenouvelliste.com/article/246421/solidarite-en-haiti-et-dans-le-monde-pour-reclamer-la-liberation-de-douglas-pape,https://cdn.lenouvelliste.com/shared/skeleton-image.webp,N/A
Pierre Marie Boisson dénonce un tort fait aux bénéficiaires des transferts,https://lenouvelliste.com/article/246377/pierre-marie-boisson-denonce-un-tort-fait-aux-beneficiaires-des-transferts,https://cdn.lenouvelliste.com/shared/skeleton-image.webp,N/A
MMAS:  les policiers kenyans complètent leur formation et attendent la décision du tribunal de Nairobi,https://lenouvelliste.com/article/246420/mmas-les-policiers-kenyans-completent-leur-formation-et-attendent-la-decision-du-tribunal-de-nairobi,https://cdn.lenouvelliste.com/shared/skeleton-image.webp,N/A
Brèves précisions de l'IHSI autour de l’agrégat « Produit Intérieur Brut »,https://lenouvelliste.com/article/246374/breves-precisions-de-lihsi-autour-de-lagregat-produit-interieur-brut,https://cdn.lenouvelliste.com/shared/skeleton-image.webp,N/A
Le gouvernement au chevet de la BSAP,https://lenouvelliste.com/article/246384/le-gouvernement-au-chevet-de-la-bsap,https://cdn.lenouvelliste.com/shared/skeleton-image.webp,N/A
